{"Reward Min": 0.0, "Episode Reward": [8.132886, 6.207326, 1.629276, 6.896136, 8.914705, 2.656192, 0.837408, 1.191166, 2.017986, 1.242045, 4.175197, 0.0, 4.578382, 2.955839, 4.659393, 0.0, 2.666338, 11.5015, 5.842316, 7.123384, 2.815574, 0.0, 3.990165, 4.285836, 4.465269, 3.160576, 1.587627, 7.020921, 9.202585, 7.424951, 7.907216, 0.0, 0.332594, 0.601022, 2.776285, 9.125266, 7.633627, 4.978679, 7.529739, 0.871643, 5.491528, 2.837568, 9.105732, 7.541578, 3.140991, 8.304977, 5.634893, 4.804528, 8.219215, 9.089519], "Summed Reward": 202.06246000000002, "Reward Mean": 4.0412492, "Reward Max": 11.173207, "Number of Mean New Branches": 1.4092, "Number of Max New Branches": 26, "Number of Min New Branches": 0, "Number of Mean New Branches of Plant 1": NaN, "Number of Mean New Branches of Plant 2": NaN, "Number of Total Displacement of Light": 0.0, "Mean Light Displacement": [], "Mean Light Width": [], "Number of Steps in Episode with Tree is as close as possible": 0.0, "_step": 2500, "_runtime": 1168, "_timestamp": 1617588880}