{"Reward Min": 0.0, "Episode Reward": [0.0, 7.234572, 0.0, 3.259623, 8.939132, 4.847674, 0.785854, 0.0, 7.368236, 3.806557, 9.092513, 0.0, 3.536161, 5.430929, 1.380275, 1.375852, 0.0, 10.834532, 5.971611, 4.012327, 3.645515, 0.0, 0.0, 1.982585, 2.861085, 7.201179, 10.968993, 6.359362, 2.243106, 7.429172, 4.764096, 3.705043, 0.0, 4.793843, 4.356067, 7.068345, 6.736347, 0.268506, 4.662209, 0.0, 3.68526, 3.258648, 11.715565, 5.681239, 3.048277, 7.757891, 6.004625, 0.935802, 5.831954, 8.089239], "Summed Reward": 179.26603, "Reward Mean": 3.5853206, "Reward Max": 11.493763, "Number of Mean New Branches": 1.4044, "Number of Max New Branches": 30, "Number of Min New Branches": 0, "Number of Mean New Branches of Plant 1": NaN, "Number of Mean New Branches of Plant 2": NaN, "Number of Total Displacement of Light": 0.0, "Mean Light Displacement": [], "Mean Light Width": [], "Number of Steps in Episode with Tree is as close as possible": 0.0, "_step": 2500, "_runtime": 193, "_timestamp": 1617575273}