{"Reward Min": 0.0, "Episode Reward": [0.038462, 0.365701, 0.749379, 9.993148, 10.673637, 5.617895, 0.281859, 3.713858, 5.683177, 5.236857, 5.948418, 0.0, 2.644127, 1.713968, 2.871228, 5.843854, 2.936274, 3.777818, 6.305582, 6.658404, 2.207143, 0.0, 0.0, 2.144793, 1.247421, 6.507667, 5.044696, 6.125865, 4.180449, 8.370318, 3.663437, 0.026022, 0.015743, 1.703082, 4.530202, 2.634766, 2.96308, 1.151801, 2.986843, 2.540916, 6.166659, 2.750149, 10.787019, 5.168812, 5.109769, 6.541963, 3.049035, 3.525069, 9.622059, 5.57157], "Summed Reward": 184.232809, "Reward Mean": 3.68465618, "Reward Max": 11.090734, "Number of Mean New Branches": 1.342, "Number of Max New Branches": 33, "Number of Min New Branches": 0, "Number of Mean New Branches of Plant 1": NaN, "Number of Mean New Branches of Plant 2": NaN, "Number of Total Displacement of Light": 0.0, "Mean Light Displacement": [], "Mean Light Width": [], "Number of Steps in Episode with Tree is as close as possible": 0.0, "_step": 2500, "_runtime": 256, "_timestamp": 1617590152}