{"Reward Min": 0.0, "Episode Reward": [3.476587, 7.992368, 0.0, 4.02105, 7.420012, 6.250068, 2.427209, 0.79623, 6.640411, 2.183887, 2.019741, 1.180715, 6.341704, 2.82179, 3.396577, 0.0, 5.634913, 4.107961, 4.884773, 2.857582, 3.146121, 0.0, 0.279223, 6.037651, 2.299469, 7.897024, 5.239537, 7.328168, 2.968796, 4.579848, 5.645258, 0.0, 0.0, 9.733709, 2.962589, 7.10879, 4.259722, 3.103565, 0.0, 0.854381, 2.857509, 3.455192, 7.439855, 5.610496, 3.118884, 2.536002, 5.196385, 3.161149, 1.582718, 3.544429, 7.453954, 0.96388, 0.318401, 4.231369, 6.166766, 7.310253, 8.510907, 6.397747, 7.995743, 8.159826, 2.226685, 0.0, 6.815268, 3.020464, 2.494421, 6.304773, 1.119975, 3.377081, 4.324594, 2.978523, 6.390617, 4.109492, 4.34404, 1.69556, 1.251286, 5.913534, 5.560639, 2.224246, 3.519074, 5.150981, 0.151417, 4.117873, 0.618088, 4.421463, 4.314858, 1.849823, 3.069667, 0.900471, 5.545882, 2.762413, 3.285424, 0.0, 6.297457, 2.626226, 2.869869, 3.574669, 0.173113, 5.277801, 7.149027, 8.466161, 1.587015, 4.298597, 0.955773, 7.162747, 12.311339, 3.623978, 0.674926, 1.669218, 8.005424, 4.698077, 5.012184, 3.931139, 9.404262, 4.30336, 3.565274, 7.368713, 3.26241, 6.687523, 8.896465, 5.987392, 6.453208, 0.961647, 5.097399, 6.715554, 6.295433, 7.254369, 4.095673, 1.387217, 8.305087, 1.899631, 6.246722, 3.355708, 0.0, 5.833702, 7.498253, 4.950328, 4.732278, 3.193841, 3.990636, 3.298425, 2.770317, 0.621893, 3.670319, 7.151783, 9.086699, 8.28435, 2.235268, 1.538368, 0.0, 3.559957, 7.49278, 3.128871, 3.121031, 3.750585, 1.168536, 3.341991, 5.906229, 4.154784, 9.249724, 7.075894, 0.0, 4.342102, 0.0, 0.873465, 0.164536, 0.893855, 10.567594, 0.0, 8.405862, 2.390813, 5.369994, 0.0, 0.964702, 0.890375, 3.299423, 3.798161, 6.797266, 0.0, 4.594741, 0.0, 5.607943, 3.818876, 10.163137, 0.0, 7.977148, 4.858613, 7.050847, 4.153427, 1.940634, 7.707959, 0.093401, 0.893741, 3.088149, 1.38241, 0.218, 3.863634, 2.305512, 5.819927, 13.898035, 1.937496, 4.305828, 1.911742, 3.237409, 10.15542, 4.375162, 5.126109, 5.919121, 5.23915, 10.529649, 0.689889, 8.956791, 3.425979, 3.109616, 3.99517, 5.509773, 5.401833, 8.486065, 11.234799, 0.0, 0.0, 3.764315, 3.730591, 3.589425, 10.787485, 2.25201, 7.440985, 4.682439, 2.365127, 1.79092, 5.073744, 1.555358, 7.92871, 0.0, 9.15538, 2.468098, 2.882235, 1.642777, 0.0, 0.976919, 5.938384, 0.0, 5.90882, 7.652894, 7.964843, 1.312328, 7.531713, 3.847287, 3.186989, 6.496435, 8.229503, 9.182827, 7.709625, 0.0, 1.243298, 0.017241, 5.486396, 10.073501, 9.458487, 6.327514, 8.262848, 0.0, 3.239909, 5.984447, 13.52457, 6.044669, 8.710128, 5.385874, 6.895228, 0.943351, 0.0, 1.063674, 0.549239, 3.567431, 2.468478, 2.317089, 2.815448, 1.438302, 1.05784, 10.067548, 13.31569, 9.685564, 5.216147, 7.46694, 6.823565, 1.882458, 5.824664, 1.959257, 0.0, 6.60621, 4.324667, 4.897864, 0.699608, 7.241536, 4.917624, 7.360935, 3.640631, 8.943896, 10.173183, 5.07615, 2.444229, 10.719949, 6.015926, 9.142113, 4.171107, 8.518828, 1.488864, 0.0, 7.856059, 7.255267, 5.211333, 0.0, 10.979084, 4.399437, 7.950718, 9.306093, 4.710731, 6.572835, 4.730401, 0.0, 6.184273, 3.787443, 9.797993, 1.917177, 10.213384, 0.184495, 4.950752, 2.418729, 7.552705, 4.712221, 4.427315, 5.842904, 9.34567, 6.883762, 11.54789, 5.144436, 0.0, 2.381351, 6.323755, 8.325487, 9.860225, 6.309136, 7.653811, 3.751082, 4.844913, 5.009597, 11.324285, 8.385626, 7.403804, 4.464857, 9.552127, 0.36209, 5.557637, 10.946839, 6.07193, 5.133166, 3.194219, 6.819144, 6.778443, 8.483803, 0.0, 2.898001, 0.0, 1.862383, 3.183121, 5.599501, 0.0, 9.584031, 6.425375, 4.739156, 6.448303, 10.392916, 10.594789, 2.460417, 0.335904, 8.030187, 6.731761, 5.928001, 8.778291, 3.000015, 11.809638, 4.535735, 8.007035, 8.239983, 5.656922, 8.722377, 1.927903, 3.279873, 6.318461, 7.586688, 6.7028, 1.267422, 6.453957, 0.0, 1.331825, 8.235296, 2.700509, 5.581566, 7.220367, 8.481742, 6.570615], "Summed Reward": 198.07835699999998, "Reward Mean": 3.9615671399999997, "Reward Max": 8.406924, "Number of Mean New Branches": 1.5136, "Number of Max New Branches": 25, "Number of Min New Branches": 0, "Number of Mean New Branches of Plant 1": NaN, "Number of Mean New Branches of Plant 2": NaN, "Number of Total Displacement of Light": 0.0, "Mean Light Displacement": [], "Mean Light Width": [], "Number of Steps in Episode with Tree is as close as possible": 0.0, "_step": 2500, "_runtime": 11488, "_timestamp": 1617575073}