{"initial_reset_timestamp": 1617715378.9759727, "timestamps": [1617715379.259912, 1617715379.4657931, 1617715379.5447316, 1617715379.6171238, 1617715379.6870992, 1617715379.76234, 1617715379.836871, 1617715379.9294457, 1617715380.1316307, 1617715380.2091956], "episode_lengths": [50, 50, 50, 50, 50, 50, 50, 50, 50, 50], "episode_rewards": [0.0, 0.0, 0.0, 2.494740442092515, 0.0, 0.6228831875197263, 1.4095143636160392, 0.0, 0.8219463753723942, 1.0879920051715417], "episode_types": ["e", "e", "e", "e", "e", "e", "e", "e", "e", "e", "e"]}