{"initial_reset_timestamp": 1620740085.8057332, "timestamps": [1620740086.003071], "episode_lengths": [50], "episode_rewards": [0.09271666033272727], "episode_types": ["e"]}