{"initial_reset_timestamp": 1617633443.0186763, "timestamps": [1617633443.1476834, 1617633443.2796187, 1617633443.3406978, 1617633443.4118454, 1617633443.4869845, 1617633443.5602393, 1617633443.632972, 1617633443.6938229, 1617633443.820867, 1617633443.8832605], "episode_lengths": [50, 50, 50, 50, 50, 50, 50, 50, 50, 50], "episode_rewards": [0.0, 0.2439071983175526, 1.8544669720847224, 2.207367239066413, 4.257698712082625, 2.196159693285762, 3.0506092843303128, 0.6531389153430532, 0.0, 0.0], "episode_types": ["e", "e", "e", "e", "e", "e", "e", "e", "e", "e", "e"]}