{"Reward Min": 0.0, "Episode Reward": [0.0, 5.548187, 0.0, 5.949953, 9.96094, 6.015951, 5.84748, 0.0, 10.277312, 4.616172, 2.379207, 1.404364, 8.253158, 6.147874, 0.574498, 3.833889, 1.992742, 2.388573, 9.304136, 5.817908, 7.163659, 0.0, 5.372935, 0.245677, 2.60913, 7.733975, 4.394767, 4.632913, 5.726927, 0.0, 5.755781, 0.788303, 0.0, 1.642223, 4.431959, 2.265012, 5.170423, 5.105641, 6.256687, 3.357217, 3.289311, 4.571989, 13.303663, 2.264171, 4.158125, 5.295929, 6.977229, 4.643965, 3.412436, 8.936827], "Summed Reward": 215.116131, "Reward Mean": 4.30232262, "Reward Max": 11.141472, "Number of Mean New Branches": 1.5284, "Number of Max New Branches": 26, "Number of Min New Branches": 0, "Number of Mean New Branches of Plant 1": NaN, "Number of Mean New Branches of Plant 2": NaN, "Number of Total Displacement of Light": 0.0, "Mean Light Displacement": [], "Mean Light Width": [], "Number of Steps in Episode with Tree is as close as possible": 0.0, "_step": 2500, "_runtime": 4647, "_timestamp": 1617579925}