{"Reward Min": 0.0, "Episode Reward": [0.736926, 4.493051, 0.0, 5.249525, 5.325483, 3.627058, 0.387218, 3.206378, 2.806825, 3.800308, 5.904963, 0.0, 6.151496, 4.000077, 2.513004, 2.373399, 0.191724, 3.932254, 4.42243, 4.923324, 0.908779, 0.0, 0.142853, 2.12299, 0.475338, 2.715125, 3.657864, 4.490629, 3.7171, 8.590246, 5.400464, 0.919376, 0.0, 1.588198, 1.034147, 4.05271, 8.039556, 3.032475, 0.0, 2.496263, 1.245438, 0.0, 5.649966, 7.489512, 1.717809, 4.972157, 3.048002, 3.627088, 6.025199, 2.158661], "Summed Reward": 218.67568699999998, "Reward Mean": 4.37351374, "Reward Max": 11.102788, "Number of Mean New Branches": 1.4896, "Number of Max New Branches": 31, "Number of Min New Branches": 0, "Number of Mean New Branches of Plant 1": NaN, "Number of Mean New Branches of Plant 2": NaN, "Number of Total Displacement of Light": 0.0, "Mean Light Displacement": [], "Mean Light Width": [], "Number of Steps in Episode with Tree is as close as possible": 0.0, "_step": 2500, "_runtime": 7773, "_timestamp": 1617587706}