{"Reward Min": 0.0, "Episode Reward": [8.855422, 7.232506, 0.668223, 5.067117, 7.824027, 2.998979, 2.963895, 3.247695, 11.684956, 4.495525, 1.386828, 1.301059, 0.221787, 2.546866, 0.0, 0.720913, 5.591135, 4.930594, 3.606593, 8.824715, 9.136764, 1.016522, 8.445162, 4.174262, 2.547402, 5.889334, 4.193681, 2.21096, 4.089101, 10.330956, 7.524007, 4.589015, 0.395777, 3.180378, 2.09375, 5.229774, 4.013057, 7.110328, 7.927857, 1.565539, 1.418324, 3.244575, 9.941703, 4.000876, 3.300741, 1.737747, 5.560598, 5.22506, 5.965388, 9.89917], "Summed Reward": 203.988373, "Reward Mean": 4.07976746, "Reward Max": 10.761814, "Number of Mean New Branches": 1.5028, "Number of Max New Branches": 35, "Number of Min New Branches": 0, "Number of Mean New Branches of Plant 1": NaN, "Number of Mean New Branches of Plant 2": NaN, "Number of Total Displacement of Light": 0.0, "Mean Light Displacement": [], "Mean Light Width": [], "Number of Steps in Episode with Tree is as close as possible": 0.0, "video.0": {"_type": "video-file", "path": "media/videos/video.0_2502_25445a41.mp4", "sha256": "25445a41b5bbda0ed7e2e0845eaa5c96373705c5c738fe640c1ea70a07b4176c", "size": 262}, "_step": 2505, "_runtime": 63, "_timestamp": 1617593977, "video.1": {"_type": "video-file", "path": "media/videos/video.1_2505_25445a41.mp4", "sha256": "25445a41b5bbda0ed7e2e0845eaa5c96373705c5c738fe640c1ea70a07b4176c", "size": 262}}