{"Reward Min": 0.0, "Episode Reward": [6.581519, 7.579042, 1.675675, 6.00368, 1.172546, 6.125774, 0.0, 0.983664, 9.314354, 5.64447, 4.310989, 0.0, 8.639293, 4.377158, 1.347026, 2.977347, 2.168237, 2.423552, 2.139565, 2.510266, 6.284354, 0.931924, 0.0, 6.169901, 3.925835, 7.096974, 3.520783, 4.522537, 1.813847, 3.162673, 5.822504, 0.510617, 0.0, 2.948298, 3.902217, 4.78039, 0.0, 1.927034, 6.711464, 7.831724, 5.664938, 4.06141, 6.148217, 8.560009, 0.0, 5.995392, 0.18661, 4.780763, 0.0, 3.546477], "Summed Reward": 215.573347, "Reward Mean": 4.31146694, "Reward Max": 9.632717, "Number of Mean New Branches": 1.422, "Number of Max New Branches": 56, "Number of Min New Branches": 0, "Number of Mean New Branches of Plant 1": NaN, "Number of Mean New Branches of Plant 2": NaN, "Number of Total Displacement of Light": 0.0, "Mean Light Displacement": [], "Mean Light Width": [], "Number of Steps in Episode with Tree is as close as possible": 0.0, "_step": 2500, "_runtime": 913, "_timestamp": 1617589855}