{"video.0": {"_type": "video-file", "path": "media/videos/video.0_2_bb21c1a4.mp4", "sha256": "bb21c1a43de2c5a67ecfccf083ec8d4b93a041a9384ef550976547ae79dc4ada", "size": 3136}, "_step": 2502, "_runtime": 26, "_timestamp": 1617633443, "Reward Min": 0.0, "Episode Reward": [5.654938, 7.139586, 1.392972, 3.254943, 6.07619, 8.251945, 1.901009, 5.356163, 3.025959, 6.212796, 7.101602, 0.246113, 4.969984, 0.149073, 0.793082, 0.0, 0.574243, 4.392859, 5.38739, 6.229005, 1.127679, 4.352818, 0.0, 2.2426, 3.540678, 6.152268, 6.353083, 8.449017, 2.99522, 6.32082, 6.662488, 0.936567, 0.0, 4.577457, 1.344763, 4.49335, 0.857438, 3.00662, 0.0, 4.127682, 6.071437, 0.466991, 8.404774, 0.175568, 0.0, 3.896591, 3.75227, 6.244118, 6.500227, 5.642135], "Summed Reward": 204.41257599999997, "Reward Mean": 4.088251519999999, "Reward Max": 11.668387, "Number of Mean New Branches": 1.512, "Number of Max New Branches": 40, "Number of Min New Branches": 0, "Number of Mean New Branches of Plant 1": NaN, "Number of Mean New Branches of Plant 2": NaN, "Number of Total Displacement of Light": 0.0, "Mean Light Displacement": [], "Mean Light Width": [], "Number of Steps in Episode with Tree is as close as possible": 0.0, "video.1": {"_type": "video-file", "path": "media/videos/video.1_2502_fe36034b.mp4", "sha256": "fe36034b9c185a2120129d78934a808c50732fffba9c4772e7b69f0a6d91a08f", "size": 3395}}