{"Reward Min": 0.0, "Episode Reward": [0.0, 1.321887, 2.13641, 7.580666, 7.760838, 5.930519, 0.0, 1.241442, 3.521551, 2.369843, 4.305822, 0.836692, 4.988814, 1.440151, 0.934889, 0.716331, 2.343039, 6.160126, 5.65018, 7.692235, 8.101725, 0.725975, 5.275875, 2.77901, 1.06086, 7.314664, 3.303185, 1.94052, 5.655925, 5.580586, 4.701871, 5.511886, 0.0, 0.0, 2.453984, 4.657701, 2.382678, 2.171195, 9.226175, 1.019722, 5.030679, 2.39782, 4.872651, 0.630258, 1.600867, 2.701269, 0.857483, 0.819139, 6.665871, 9.693395], "Summed Reward": 214.00004, "Reward Mean": 4.2800008, "Reward Max": 9.505925, "Number of Mean New Branches": 1.52, "Number of Max New Branches": 37, "Number of Min New Branches": 0, "Number of Mean New Branches of Plant 1": NaN, "Number of Mean New Branches of Plant 2": NaN, "Number of Total Displacement of Light": 0.0, "Mean Light Displacement": [], "Mean Light Width": [], "Number of Steps in Episode with Tree is as close as possible": 0.0, "_step": 2500, "_runtime": 28, "_timestamp": 1617592794}