{"Reward Min": 0.0, "Episode Reward": [0.0, 4.973462, 1.143636, 6.326894, 2.503148, 5.184308, 6.717369, 3.022785, 4.42042, 10.643254, 5.312886, 0.0, 1.372566, 3.122433, 3.577259, 0.173521, 3.503712, 11.143426, 7.846139, 6.68207, 0.338232, 0.0, 0.0, 2.398986, 3.440268, 1.989247, 7.568837, 3.340233, 5.49849, 0.0, 7.17157, 0.458703, 0.0, 3.436549, 6.512435, 1.510043, 3.808087, 3.519764, 0.0, 0.036785, 0.164637, 2.167631, 9.686103, 3.666232, 2.940274, 3.687752, 5.223425, 4.185498, 7.185576, 3.379229, 5.501597, 6.149427, 5.213945, 2.054875, 5.633446, 6.927301, 9.192368, 2.027727, 9.41376, 3.834639, 4.132084, 0.0, 9.932295, 2.887643, 0.237072, 6.090693, 0.0, 2.750869, 7.54601, 2.737012, 0.529873, 0.27593, 9.736772, 4.050167, 5.100952, 4.627833, 5.807844, 12.985331, 0.0, 0.663013], "Summed Reward": 217.30563200000003, "Reward Mean": 4.34611264, "Reward Max": 11.685483, "Number of Mean New Branches": 1.5216, "Number of Max New Branches": 29, "Number of Min New Branches": 0, "Number of Mean New Branches of Plant 1": NaN, "Number of Mean New Branches of Plant 2": NaN, "Number of Total Displacement of Light": 0.0, "Mean Light Displacement": [], "Mean Light Width": [], "Number of Steps in Episode with Tree is as close as possible": 0.0, "_step": 2500, "_runtime": 25, "_timestamp": 1617593093}